CREATE DATABASE  IF NOT EXISTS `newsdatabase` /*!40100 DEFAULT CHARACTER SET utf8mb3 */ /*!80016 DEFAULT ENCRYPTION='N' */;
USE `newsdatabase`;
-- MySQL dump 10.13  Distrib 8.0.30, for Win64 (x86_64)
--
-- Host: localhost    Database: newsdatabase
-- ------------------------------------------------------
-- Server version	8.0.30

/*!40101 SET @OLD_CHARACTER_SET_CLIENT=@@CHARACTER_SET_CLIENT */;
/*!40101 SET @OLD_CHARACTER_SET_RESULTS=@@CHARACTER_SET_RESULTS */;
/*!40101 SET @OLD_COLLATION_CONNECTION=@@COLLATION_CONNECTION */;
/*!50503 SET NAMES utf8 */;
/*!40014 SET @OLD_UNIQUE_CHECKS=@@UNIQUE_CHECKS, UNIQUE_CHECKS=0 */;
/*!40014 SET @OLD_FOREIGN_KEY_CHECKS=@@FOREIGN_KEY_CHECKS, FOREIGN_KEY_CHECKS=0 */;
/*!40101 SET @OLD_SQL_MODE=@@SQL_MODE, SQL_MODE='NO_AUTO_VALUE_ON_ZERO' */;
/*!40111 SET @OLD_SQL_NOTES=@@SQL_NOTES, SQL_NOTES=0 */;

--
-- Table structure for table `authortable`
--

DROP TABLE IF EXISTS authortable;
/*!40101 SET @saved_cs_client     = @@character_set_client */;
/*!50503 SET character_set_client = utf8mb4 */;
CREATE TABLE authortable (
  AuthorID int NOT NULL AUTO_INCREMENT,
  AuthorName varchar(100) NOT NULL,
  AuthorSurname varchar(100) NOT NULL,
  Username varchar(45) NOT NULL,
  `Password` varchar(16) NOT NULL,
  EMail varchar(45) NOT NULL,
  PRIMARY KEY (AuthorID)
) ENGINE=InnoDB AUTO_INCREMENT=4 DEFAULT CHARSET=utf8mb3;
/*!40101 SET character_set_client = @saved_cs_client */;

--
-- Dumping data for table `authortable`
--

INSERT INTO authortable VALUES (1,'Berk Durmuş','Bayar','durmusaga','berk1234','berkbayr@gmail.com'),(2,'Alper','Kızıl','alper','alper1234-x','alperkizil@gmail.com'),(3,'Hüseyin','Hışıl','hh','huseyin1234','huseyinhisil@gmail.com');

--
-- Table structure for table `categorytable`
--

DROP TABLE IF EXISTS categorytable;
/*!40101 SET @saved_cs_client     = @@character_set_client */;
/*!50503 SET character_set_client = utf8mb4 */;
CREATE TABLE categorytable (
  CatID int NOT NULL AUTO_INCREMENT,
  CategoryName varchar(45) NOT NULL,
  PRIMARY KEY (CatID)
) ENGINE=InnoDB AUTO_INCREMENT=9 DEFAULT CHARSET=utf8mb3;
/*!40101 SET character_set_client = @saved_cs_client */;

--
-- Dumping data for table `categorytable`
--

INSERT INTO categorytable VALUES (1,'Güncel'),(2,'Politika'),(3,'Magazin'),(4,'Spor'),(5,'Ekonomi'),(7,'Dünya'),(8,'Sağlık');

--
-- Table structure for table `commenttable`
--

DROP TABLE IF EXISTS commenttable;
/*!40101 SET @saved_cs_client     = @@character_set_client */;
/*!50503 SET character_set_client = utf8mb4 */;
CREATE TABLE commenttable (
  CommentID int NOT NULL AUTO_INCREMENT,
  `Comment` varchar(200) NOT NULL,
  `Date` datetime DEFAULT NULL,
  ApprovalStatus bit(1) DEFAULT NULL,
  NewsTable_NewsID int NOT NULL,
  MemberTable_MemberID int NOT NULL,
  AuthorTable_AuthorID int NOT NULL,
  PRIMARY KEY (CommentID),
  KEY fk_CommentTable_NewsTable1_idx (NewsTable_NewsID),
  KEY fk_CommentTable_MemberTable1_idx (MemberTable_MemberID),
  KEY fk_CommentTable_AuthorTable1_idx (AuthorTable_AuthorID),
  CONSTRAINT fk_CommentTable_AuthorTable1 FOREIGN KEY (AuthorTable_AuthorID) REFERENCES authortable (AuthorID),
  CONSTRAINT fk_CommentTable_MemberTable1 FOREIGN KEY (MemberTable_MemberID) REFERENCES membertable (MemberID),
  CONSTRAINT fk_CommentTable_NewsTable1 FOREIGN KEY (NewsTable_NewsID) REFERENCES newstable (NewsID)
) ENGINE=InnoDB AUTO_INCREMENT=37 DEFAULT CHARSET=utf8mb3;
/*!40101 SET character_set_client = @saved_cs_client */;

--
-- Dumping data for table `commenttable`
--

INSERT INTO commenttable VALUES (21,'Nusret senin ben ta ','2022-12-22 16:27:31',_binary '',75,2,1),(23,'ulan nusret','2022-12-22 16:29:44',_binary '',75,2,1),(24,'git artık\r\n','2022-12-22 17:04:05',_binary '',74,2,1),(25,'ULAN BEN BÖYLE SİYASETİN','2022-12-22 18:17:27',_binary '',78,2,1),(27,'katiller gereken cezayı alsın','2022-12-22 21:11:51',_binary '',56,2,1),(29,'görgüsüz adam','2022-12-22 21:31:44',_binary '',75,2,1),(34,'saçma','2022-12-22 22:43:47',_binary '\0',78,2,1),(35,'aa','2022-12-22 22:44:46',_binary '',77,2,1),(36,'ss','2022-12-22 22:46:34',_binary '',78,2,2);

--
-- Table structure for table `membertable`
--

DROP TABLE IF EXISTS membertable;
/*!40101 SET @saved_cs_client     = @@character_set_client */;
/*!50503 SET character_set_client = utf8mb4 */;
CREATE TABLE membertable (
  MemberID int NOT NULL AUTO_INCREMENT,
  MemberName varchar(100) NOT NULL,
  MemberSurname varchar(100) NOT NULL,
  Username varchar(45) NOT NULL,
  `Password` varchar(16) NOT NULL,
  EMail varchar(45) NOT NULL,
  PRIMARY KEY (MemberID)
) ENGINE=InnoDB AUTO_INCREMENT=4 DEFAULT CHARSET=utf8mb3;
/*!40101 SET character_set_client = @saved_cs_client */;

--
-- Dumping data for table `membertable`
--

INSERT INTO membertable VALUES (1,'İdil','Mutlu','idilcan','idil1234','idilmutlu@gmail.com'),(2,'Batınay','Ünsel','bato','batinay1234','batinayunsel@gmail.com'),(3,'İbrahim','Saklı','ibo','ibo1234','ibrahimsakli@gmail.com');

--
-- Table structure for table `newstable`
--

DROP TABLE IF EXISTS newstable;
/*!40101 SET @saved_cs_client     = @@character_set_client */;
/*!50503 SET character_set_client = utf8mb4 */;
CREATE TABLE newstable (
  NewsID int NOT NULL AUTO_INCREMENT,
  NewsTitle varchar(100) NOT NULL,
  NewsDetail longtext NOT NULL,
  NewsPhoto varchar(200) NOT NULL,
  `Date` datetime DEFAULT NULL,
  AuthorTable_AuthorID int NOT NULL,
  CategoryTable_CatID int NOT NULL,
  PRIMARY KEY (NewsID),
  KEY fk_NewsTable_AuthorTable1_idx (AuthorTable_AuthorID),
  KEY fk_NewsTable_CategoryTable1_idx (CategoryTable_CatID),
  CONSTRAINT fk_NewsTable_AuthorTable1 FOREIGN KEY (AuthorTable_AuthorID) REFERENCES authortable (AuthorID),
  CONSTRAINT fk_NewsTable_CategoryTable1 FOREIGN KEY (CategoryTable_CatID) REFERENCES categorytable (CatID)
) ENGINE=InnoDB AUTO_INCREMENT=80 DEFAULT CHARSET=utf8mb3;
/*!40101 SET character_set_client = @saved_cs_client */;

--
-- Dumping data for table `newstable`
--

INSERT INTO newstable VALUES (45,'Cumhurbaşkanı Erdoğan: Bay Kemal oğluna sahip çık','Cumhurbaşkanı ve AK Parti lideri Recep Tayyip Erdoğan, CHP lideri Kemal Kılıçdaroğlu\'nun İBB Başkanı Ekrem İmamoğlu için \"Baba-oğul gibiyiz\" sözleri için, \"CHP\'nin başındaki zat, dün çıkmış \'Biz baba-oğul gibiyiz\' diyor. Bunları duyunca biz de içimizden \'Bay Kemal oğluna sahip çık. O kendisine başka ebeveynler arama peşinde\' demeden duramadık. Biz kendi işimize bakacağız. Bizim işimiz var\" dedi.\r\n\"Geçtiğimiz cuma günü TBMM Genel Kurulu\'nda kabul edilen 2023 bütçesinin ülkemize ve milletimize hayırlı olmasını diliyorum. Bütçe müzakereleri komisyonlarda 36 gün, Genel Kurul\'da 12 gün sürdü. 262 milletvekili değerlendirmeleriyle bütçe görüşmelerinde bilfiil görev aldı. Hükümetlerimizin 20\'nci ve Cumhuriyetimizin 100\'üncü yıl bütçesinde emeği, katkısı olan herkesi tebrik ediyorum. Genel Kurul\'da birkaç tatsız görüntü dışında demokratik olgunlukta görüşmelerin devam etmesini sağlayan milletvekillerine teşekkürlerimi sunuyorum.\r\n\r\n\"SÖZÜMÜ BAKİ\"\r\nProgram ve proje yoksunu muhalefet partileri kifayetsizliklerini göstermeye devam etmiştir. Muhalefetin tutumuna baktığımızda Cumhuriyetimizin 100 yıllık serencamının muhasebesini yapan bir akıl göremiyoruz. Bölgesel ve küresel gelişmeler ışığında ülkemizin önündeki tehdit ve fırsatları değerlendiren bir analiz göremiyoruz. Cumhuriyetimizin ikinci asrına dair vizyon da göremiyoruz. Yalanları, iftiraları, çarpıtmaları tekrarlayan bir zihniyetin hesaplarına ve hezeyanlarına tekrar şahit olduk. Bu tablo bile kimlerin ülkenin ve milletin derdiyle dertlendiğini ispata yeterlidir. Bizim sözümüz bakidir.\r\n\r\n\"KENDİ İÇİNDEKİ KAVGAYI, HIRSI...\"\r\nYeni nesillere bırakacağımız en büyük mirasın demokrasi ve kalkınma altyapısını tamamlayarak Türkiye\'yi küresel düzeyde güç ve iddia sahibi bir ülke haline getirmek olduğuna inanıyoruz. Bizim milletimize söylediğimiz söz de, verdiğimiz taahhüt de budur. Varsın birileri kendi içlerindeki kavgayı, hırsı, rekabeti bize saldırarak örtmeye çalışsın. Milletimiz herkesi hakkın ve hakkaniyetin tartısına çıkarmayı gayet iyi bilir. Bu ülkeyi tek parti faşizmine, darbecilerin nobranlığına, terör örgütünün vahşetine bırakmayan milletimize güvenimiz tamdır.\r\n\r\n2023\'te milletimizin desteğini bir kez daha alarak, evlatlarımıza layık büyük ve güçlü Türkiye\'nin inşasını önemli ölçüde tamamlayacağız. Milli iradenin Meclis\'teki temsilcileri olarak sizler de bu büyük zafere yapacağınız katkıyla isimlerinizi tarihe yazdıracaksınız.\r\n\r\nYaklaşık 1 aydır Meclis grup toplantımızı gerçekleştiremediğimiz değerlendirmemiz gereken gündem konusunun biriktiğini biliyorum.','3549244_810x458.jpg','2022-12-21 19:34:49',1,1),(52,'Putin\'den tüm dünyayı tedirgin eden nükleer tehdit! Kıtalararası füzeleri devreye sokuyor','Rusya Devlet Başkanı Putin\'den tüm dünyayı tedirgin eden açıklamalar geldi. Nükleer kuvvetleri savaşa hazır hale getireceklerini belirten Putin, 11 bin ila 18 bin kilometrelik bir menzile sahip olan SARMAT II nükleer füzelerinin çok yakında savaş için konuşlandırılacağını söyledi.\r\n\r\nRusya Devlet Başkanı Vladimir Putin, tüm dünyayı tedirgin eden bir açıklama yaptı. Savunma Bakanlığı\'nda konuşan Putin, hem Ukrayna\'ya hem de NATO\'ya meydan okudu. Rusya lideri nükleer silah konusunda da tehdit gibi sözler sarf etti.\r\n\r\n\"ORDUMUZ BÜYÜK BİR DENEYİM KAZANDI\"\r\nPutin askeri yetkililere hitaben yaptığı konuşmada \"NATO\'nun neredeyse tüm temel ülkelerinin silahları Rusya\'ya karşı kullanılıyor. Rusya askeri kapasitesini artırarak üzerine düşen tüm görevleri yerine getirecek. Ordumuz büyük bir deneyim kazandı.\" dedi.\r\n\r\n\r\n\"NÜKLEER KUVVETLERİ HAZIR EDECEĞİZ\"\r\nKıtalar arası Sarmat füzelerini yakında savaş görevinde hazır olacağını belirten Putin, \"Ukrayna operasyonu dronların önemini gösterdi. Orduyu modern silahlarla donatacağız. Suriye\'de elde ettiğimiz deneyimleri kullanılacak. NATO\'yu en iyi şekilde analiz edeceğiz. SARMAT II füzeleri çok yakında savaş için konuşlandırılacak. Nükleer kuvvetlerin savaşa hazır olma durumunu geliştirmeye devam edeceğiz.\" ifadelerini kullandı.\r\n\r\nSARMAT FÜZESİ NEDİR?\r\nRusya, 1988\'den beri envanterinde bulundurduğu, Batılı devletlerin \"Şeytan\" olarak nitelendirdiği kıtalararası balistik füze Voyevoda\'nın yerine koymak üzere Sarmat\'ı geliştirdi.\r\n\r\n2010\'dan beri üzerinde çalışılan, Voyevoda\'dan daha fazla nükleer başlık taşıyabilen, daha yüksek menzile sahip füzenin, Kuzey ve Güney Kutuplarını geçerek hedefe ulaşabilme kabiliyeti bulunuyor.\r\n\r\nSarmat\'ın, yaklaşık 200 tonluk ağırlığı ve kısa süreli aktif uçuş özellikleriyle mevcut füze savunma sistemleri tarafından engellenmesinin imkansız olduğu ileri sürülüyor. Askeri uzmanlar, Sarmat\'ın 11 bin ila 18 bin kilometrelik bir menzile sahip olduğunu belirtiyor.','752x395-son-dakika-putin-tarih-vererek-duyurdu-durdurulamaz-dedigi-fuzeleri-kullanacak-1671626757683.jpg','2022-12-21 20:15:39',1,1),(53,'Memurlardan ek zam talebi: Artık zaruri bir hal almıştır','Tüm Türkiye asgari ücret zammına odaklanırken, memurlar için hükümete dikkat çeken bir talep geldi. Çalışma ve Sosyal Güvenlik Bakanı Vedat Bilgin ile görüşen Türkiye Kamu-Sen Genel Başkanı Önder Kahveci, \"Enflasyonun yüksek seyri, temel gıda ve ihtiyaç maddelerindeki fiyat artışları dikkate alındığında kamu çalışanlarımızın kayıplarını önlemek amacıyla bir ek zam yapılması gerektiğini Sayın Bakan ile paylaştık. Ocak ayı itibarıyla ilave bir zam yapılması artık zaruri bir hal almıştır\" dedi.\r\n\r\nÇalışma ve Sosyal Güvenlik Bakanı Vedat Bilgin, Kahveci ve beraberindeki Türkiye Kamu-Sen yönetimini kabul etti. Görüşmenin ardından basın mensuplarına açıklamalarda bulunan Türkiye Kamu-Sen Genel Başkanı Önder Kahveci, kamu çalışanlarına yönelik bir dizi taleplerini Bakan Bilgin\'e ilettiklerini bildirdi.\r\n\r\n\r\n\"EK ZAM İSTEDİK\"\r\nKahveci, şunları söyledi: \"Enflasyonun yüksek seyri, temel gıda ve ihtiyaç maddelerindeki fiyat artışları dikkate alındığında kamu çalışanlarımızın kayıplarını önlemek amacıyla bir ek zam yapılması gerektiğini Sayın Bakan ile paylaştık. Ocak ayı itibarıyla çalışanlara ilave bir zam yapılması artık zaruri bir hal almıştır. Bununla birlikte çalışanlarımızın alım gücünü artırabilmek için de artık ücretlerde refah payı uygulamasına geçmemiz gerektiği kanaatindeyiz. Enflasyonun yüksek seyrettiği dönemlerde mutlaka enflasyon farkının aylara tekabül eden kısmının maaşlara yansıtılarak kayıpların önüne geçilmeli. Bunun yanında, vergi yükü çalışanlar için ciddi bir yük.\"\r\n\r\n\"3600 EK GÖSTERGEYLE İLGİLİ TALEBİMİZ MAKUL KARŞILANDI\"\r\nKahveci, geçen yıl tüm ücretlerde asgari ücret kadar olan kısmın vergi dışı bırakıldığını anımsatarak, \"Bu uygulama, enflasyonun yüksek olması münasebetiyle istenen yansımayı oluşturmadı. Şu anda talebimiz; çalışanlar üzerindeki vergi yükünün hafifletilmesi ve kamu görevlilerimizin yüzde 15 vergi oranında sabitlenmesi.\" dedi.\r\n\r\nBirinci dereceye düşen kamu çalışanlarının ek göstergelerinin de 3600 olması yönünde talepleri olduğunu vurgulayan Kahveci, \"Sayın Bakan da bu talebi makul karşıladı. Önümüzdeki süreç içerisinde inşallah bununla ilgili de bir gelişme sağlanacak. Bu düzenlemenin mutlaka yapılması gerekir. Hakkaniyet, adalet ve çalışma barışının tesis edilmesi için de bu düzenlemeye ihtiyacımız var.\" şeklinde konuştu.\r\n\r\n\"GELİR VERGİSİ ORANI YÜZDE 15\'E SABİTLENSİN\"\r\nKahveci, kamuda 32 farklı sözleşmeli çalışan statüsünün bulunduğuna dikkati çekerek, hiç kimse dışarda kalmadan tüm sözleşmeli çalışanların kadroya alınması gerektiğini söyledi. Giyim yardımının günün şartlarına göre artırılmasını, ulaşım ve kira yardımı uygulaması başlatılmasını isteyen Kahveci, şunların kaydetti: \"Vergi yüküyle ilgili Hazine ve Maliye Bakanından randevu talep ettik. Biz, kamu çalışanları olarak \'vergi vermeyelim\' demiyoruz. Gelir vergisi oranının yüzde 15\'e sabitlenmesini istiyoruz. Bu çok makul bir talep. Çünkü kamu çalışanları, maaşlarını daha almadan devlete olan görevini yerine getirip, vergisini düzenli bir şekilde ödeyen önemli bir kesim. Hem ek zam hem vergi meselesiyle ilgili Sayın Cumhurbaşkanımızdan da randevu talep ettik. Bu konuları kendileriyle de paylaşacağız.\"','3548236_109abf48aebf3fd93181c81c6263e28d_640x640.jpg','2022-12-21 20:16:10',1,1),(54,'Bebeğini sokağa bırakan kadın eşinden korkmuş!','Burdur\'da sokağa terk edilen kız bebeğin annesi olduğu belirlenen 33 yaşındaki M.Y., ifadesinde; eşinden korktuğu için tek başına doğum yaptığını ve çocuğu komşusunun evinin önüne bıraktığını söyledi\r\nBEBEK TEDAVİ ALTINA ALINDI\r\nDHA\'da yer alan habere göre çağrılan ambulansla Burdur Devlet Hastanesi\'ne kaldırılan bebeğin hipotermi geçirdiği belirlendi. Yeni doğan kız bebek, buradaki ilk tedavisinin ardından Isparta Süleyman Demirel Üniversitesi (SDÜ) Araştırma ve Uygulama Hastanesi\'ne sevk edildi. Yenidoğan Yoğun Bakım Ünitesi\'nde kuvöze alınan bebeğe antibiyotik tedavisi uygulanıyor.\r\n\r\nANNENİN KİM OLDUĞU TESPİT EDİLDİ\r\nÇalışma başlatan jandarma, bebeği doğurup, sokağa terk eden kişinin M.Y. (33) olduğu belirledi. Ekiplerce dün gözaltına alınan, evli ve 3 çocuğu daha olan M.Y. ifadesinde, bebeğin eşinden olduğunu belirtti.','3549312_810x458.jpg','2022-12-21 20:43:14',1,1),(55,'Afyonkarahisar\'da 19 bin makaron ele geçirildi','Afyonkarahisar\'da 19 bin 140 makaron (filtreli sigara kağıdı) ele geçirildi, bir şüpheliye adli işlem yapıldı\r\nİl Emniyet Müdürlüğü Kaçakçılık ve Organize Suçlarla Mücadele Şube Müdürlüğü ekipleri, ihbar üzerine Y.E.G\'ye ait iş yeri ile adresine baskın düzenledi.\r\n\r\nAA\'nın haberine göre, aramada, 19 bin 140 makaron, 5 kilogram kıyılmış tütün, 304 paket sigara ve cinsel içerikli ürünler ele geçirildi.\r\n\r\nEkipler, Y.E.G\'ye adli işlem uyguladı.','3549392_810x458.jpg','2022-12-21 20:44:12',1,1),(56,'Aylin Sözer\'in katiline ağır müebbet ve 15.5 yıl hapis!','İstanbul Maltepe’de öğretim üyesi Aylin Sözer’i boğazını keserek öldüren ve cesedini yakmaya çalışan Kemal Ayyıldız, ağırlaştırılmış müebbet ve 15 yıl 6 ay hapis cezasına çarptırıldı. Duruşma sonrasında açıklama yaparken gözyaşlarına hakim olamayan Aylin Sözer´in kardeşi Nilay Sözer, \"Acilen bir sistem yapılandırılması şart. Çünkü canınız yanmadan anlamıyorsunuz. Benim içime su serpilmiyor. 100 kere ağırlaştırılmış müebbet alsa ablamı geri getirecek bir şey yok\" dedi\r\nİstanbul Aydın Üniversitesi\'nde, öğretim üyesi olan Dr. Aylin Sözer\'in (48) boğazını kesip yakarak katlettiği iddia edilen sanık Kemal Ayyıldız (32), ağırlaştırılmış müebbet ve 15 yıl 6 ay hapis cezasına çarptırıldı.\r\n\r\nDURUŞMAYA SEGBİS SİSTEMİYLE KATILDI\r\nDHA\'da yer alan habere göre Anadolu 7. Ağır Ceza Mahkemesi´ndeki duruşmaya, tutuklu sanık Kemal Ayyıldız Ses ve Görüntülü Bilişim Sistemi´yle (SEGBİS) bağlandı. Duruşmada taraf avukatları hazır bulundu.\r\n\r\nÜST SINIRDAN CEZA TALEP EDİLDİ','3549303_810x458.jpg','2022-12-21 20:44:54',1,1),(57,'4 ilde bin kişiyi dolandırdılar! 50 milyon TL\'lik vurgun!','Nevşehir merkezli 4 ilde, internet siteleri aracılığıyla kiralık araç veya tatil evi vaadinde bulunup bin kişinin 50 milyon TL\'sini dolandırdığı tespit edilen 24 şüpheli gözaltına alındı. Mağdurlardan elde ettikleri paralarla lüks yaşam sürdükleri belirlenen şüpheliler emniyete götürüldü. Olayla ilgili soruşturma sürüyor\r\nNevşehir İl Emniyet Müdürlüğü Siber Suçlarla Mücadele Şube Müdürlüğü ekipleri, internet siteleri aracılığıyla kiralık araç veya tatil evi vaadinde bulunup, dolandırıcılık yapan şüphelilere yönelik çalışma başlattı.\r\nDHA\'da yer alan habere göre şüphelilerin bin kişiyi mağdur ettiği, bu kişilerin 50 milyon TL\'sini dolandırdığı tespit edildi.\r\n\r\n24 ŞÜPHELİ GÖZALTINA ALINDI','3549287_810x458.jpg','2022-12-21 20:45:39',1,1),(58,'İnsan eliyle heyelan! Harmandalı\'ndaki heyelan bölgesi için \'acil\' uyarı','İzmir Çiğli\'de, yakınındaki bazı evlerin tahliye edildiği katı atık depolama tesisinin bulunduğu bölge alarm veriyor. Uzmanlar, sürekli çatlakların meydana geldiği bölge için uyarıda bulundu\r\nİzmir Dokuz Eylül Üniversitesi\'nin (DEÜ) Deprem Araştırma ve Uygulama Merkezi (DAUM), Çiğli ilçesinde katı atık depolama tesisi ile yakınındaki dağlık bölgede oluşan ve bazı evlerin tahliye edilmesine neden olan heyelanın nedeninin insan ve doğa kaynaklı olduğunun tespit edildiğini açıkladı.\r\nDHA\'nın haberine göre, DAUM Müdürü Prof. Dr. Hasan Sözbilir, \"Birçok çalışmada heyelanın durdurulabildiği biliniyor. Burada biraz geç kalınmış. Çok ciddi kaynak ayrılmalı. Bölgede heyelanın aktif olduğu görüldüğü için sürekli izlenmesi gerek\" dedi.\r\n\r\n\"ZEMİN, YAŞANAN AĞIRLIĞI HİSSETTİ\"\r\nHarmandalı Katı Atık Depolama Tesisi\'nde ve yanı başında yükselen dağlık bölgede oluşan derin yarık ve göçükler, endişeye neden oldu. Geçen yıl şubat ayından itibaren mayısa kadar bölgede 6 ev, tahliye edildi. Bu evlerden bir kısmı, arazideki yarıklar nedeniyle yıkıldı. DEÜ DAUM, bölgede deprem ve heyelan ilişkisi üzerine araştırma yaptı. DAUM Müdürü Prof. Dr. Hasan Sözbilir, heyelan ve yarıkların sebebinin hem bölgedeki jeolojik yapı ile iklim hem de araziden toprak alınması ve çöp dökme tesisinin varlığı olduğunu belirtti.','3549279_810x458.jpg','2022-12-21 20:49:11',1,1),(59,'CHP Genel Başkanı Kılıçdaroğlu, şehit ailesini ziyaret etti','Kumluca ve Finike\'deki afet bölgesini ziyaret etmek amacıyla Antalya\'ya gelen CHP Genel Başkanı Kemal Kılıçdaroğlu, şehit Piyade Teğmen Abdulkadir Güler\'in ailesine taziye ziyaretinde bulundu\r\nCHP Genel Başkanı Kemal Kılıçdaroğlu, şehit Piyade Teğmen Abdulkadir Güler\'in ailesine taziye ziyaretinde bulundu.\r\n\r\nAA\'nın haberine göre; toplu açılış törenine katılmak ve Kumluca ve Finike\'deki afet bölgesini ziyaret etmek amacıyla Antalya\'ya gelen Kılıçdaroğlu\'nun, Pençe-Kilit Operasyonu bölgesinde mayıs ayında PKK\'lı teröristlerle çıkan çatışmada şehit olan Piyade Teğmen Abdulkadir Güler\'in ailesini ziyaretine ilişkin görüntüler, gazetecilerle paylaşıldı.\r\n\r\nKılıçdaroğlu, ziyarette aileye taziye dileklerini iletti. Kemal Kılıçdaroğlu, ardından kendisini evin bahçesinde bekleyen vatandaşlarla sohbet etti, çocuklara oyuncak dağıttı.\r\n\r\nKılıçdaroğlu\'na, partisinin Antalya İl Başkanı Nuri Cengiz, Antalya Büyükşehir Belediye Başkanı Muhittin Böcek, Konyaaltı Belediye Başkanı Semih Esen, Muratpaşa Belediye Başkanı Ümit Uysal da eşlik etti.','3549127_810x458.jpg','2022-12-21 20:49:59',1,2),(60,'CHP lideri Kılıçdaroğlu: İmamoğlu\'yla baba-oğul gibiyiz','CHP lideri Kemal Kılıçdaroğlu, grup toplantısı öncesi İBB Başkanı İmamoğlu ile baş başa görüştü. Grup toplantısında konuşan Kılıçdaroğlu, \"Ben, Ekrem İmamoğlu ile baba-oğul ilişkisi gibiyiz. Kendisi CHP\'nin evladı olduğu gibi benim de evladım. Ona sahip çıkmak benim boynumun borcu\" dedi. İBB Başkanı Ekrem İmamoğlu, grup toplantısı sonrası CHP lideri Kılıçdaroğlu\'nun \"Evladım\" ifadesi için \"Onur duydum, gurur duydum. Yol arkadaşlığımız var. Genel başkanımı her yerde dinlemek çok keyiflidir\" derken, \"Saraçhane düğümü çözüldü mü\" sorusuna \"Düğüm yoktu ki\" yanıtını verdi.\r\n\r\nToplantıya İstanbul Büyükşehir Belediye Başkanı Ekrem İmamoğlu da katılıyor. Grup toplantısı öncesi Twitter\'dan açıklama yapan İmamoğlu, \"Bugün CHP Grup Toplantısı için Ankara\'dayım. Genel Başkanımız Sayın Kemal Kılıçdaroğlu\'nu ziyaret ettim. Bu süreçte, 16 milyon İstanbullunun iradesine sahip çıktığı için teşekkürler.\" dedi.','3548973_810x458.jpg','2022-12-21 21:00:45',1,2),(61,'MHP Lideri Bahçeli, Hacıbektaş\'ta bulunan arsasını Horasan Erenleri Federasyonu’na hibe etti','MHP Genel Başkanı Devlet Bahçeli, Nevşehir’in Hacıbektaş ilçesinde üstüne kayıtlı olan 5788,91 metrekarelik (yaklaşık 6 dönüm) arsayı bedelsiz olarak Horasan Erenleri Federasyonu’na hibe ettiğini açıkladı\r\nMHP Genel Başkanı Devlet Bahçeli, sosyal medya Twitter\'dan yaptığı paylaşımda, Nevşehir\'in Hacıbektaş ilçesinde kendi adına bulunan arsayı bedelsiz olarak Horasan Erenleri Federasyonu\'na hibe ettiğini açıkladı.Bahçeli konuyla ilgili olarak şu ifadeleri kullandı:\r\n\r\n\"ALEVİ DE BİZİZ, SÜNNİ DE BİZİZ, CAFERİ DE BİZİZ\"\r\n\r\nAnadolu’nun Türklükle ve İslamla müşerref olmasını sağlayan hikmet ve hidayet ehli Allah dostlarını, Ehli Beyt’in aziz büyüklerini, ezcümle muhterem ceddimizi hürmetle, rahmetle, minnetle anıyorum. Allah hepsinden razı olsun diyorum. Alevi de biziz, Sünni de biziz, Caferi de biziz. Hepsinden önemlisi ve önceliklisi biz Müslüman Türk milletiyiz. Horasan Erenleri Federasyonu’na hediye ettiğim arsanın takdire şayan nice hizmetlere ve manevi ilerlemeye vesile olmasını Allah’tan niyaz ediyorum. Hayırlı olsun. Unutulmasın ki, biz ezelden ebede uzanan ve asla kırılamayacak kardeşlik bağlarına sahibiz. Hiç kimseyle ayrımız, gayrımız yoktur. Mevzi farklılıkların muhteşem ve tarihi kaynaşmamıza herhangi bir engel çıkaramayacağına yürekten inanıyorum.','3548697_810x458.jpg','2022-12-21 21:01:24',1,2),(62,'Cumhurbaşkanı Erdoğan\'dan İmamoğlu davasına ilk yorum: Bizansvari taht oyunları','Cumhurbaşkanı Erdoğan, İBB Başkanı Ekrem İmamoğlu hakkında verilen hapis cezası hakkında \"Birilerinin Bizansvari taht oyunlarını bizim üzerimizden oynadıklarını gördükçe üzülüyoruz\" derken, \"Mahkemenin hatası varsa orada düzeltilir. Bizi aynı oyuna alet etmeye çalışıyorlar. Biz bu oyunun içinde yer almadık, almayacağız\" dedi. Erdoğan, Mardin Havaalanı\'nın adının Mardin Prof. Dr. Aziz Sancar Havaalanı olarak değişeceğini açıkladı. Erdoğan, 6 yaşındaki gelin konusunda \"O bir felaket, bizim ciğerimiz yanıyor\" dedi. CHP lideri Kılıçdaroğlu\'na seslenen Erdoğan, \"Diyarbakır Anneleri\'ni ziyaret ettin mi, helalleştin mi? Eğer helalleşmeye gideceksen Diyarbakır\'a git, oradaki annelerle helalleş\" diye konuştu\r\nCumhurbaşkanı Recep Tayyip Erdoğan, \"Mardin Derik Ovası Sulaması\", \"Midyat-Nusaybin Yolu\", \"Ömerli ve Dargeçit Doğalgaz Verme\" ile yapımı tamamlanan diğer projelerin toplu açılış töreninde konuştu.\r\n\r\nErdoğan, \"Mardin\'i sahip oldukları güzellikten koparmak için her türlü zulmü denediler. Mardin kim olduğunu asla unutmadı. Biz de unutmadık, Mardin\'i hep bağrımıza bastık. Mardin\'i kalkındırdık, geliştirdik, büyüttük, güçlendirdik\" diye sözlerine başladı.\r\n\r\n\"Terör belasından kurtuldukça Mardin\'in de hakkını vermeye başladığını görmekten memnuniyet duyuyorum\" diyen Erdoğan, \"Mardin\'e eser kazandırmaktan asla geri durmadık. Bugün Mardin\'e kazandırdığımız toplam yatırım bedeli 17,5 milyar liraya ulaşan yüzlerce eser ve hizmetin resmi açılışını da yapıyoruz\" dedi.','3548165_810x458.jpg','2022-12-21 21:02:25',1,2),(63,'MHP Lideri Devlet Bahçeli\'den İmamoğlu sorusuna yanıt: Gündemimizde onlar yok','MHP Genel Başkanı Devlet Bahçeli, TBMM\'de bir gazetecinin \"İmamoğlu kararını yeni gelişmeler ışığında değerlendirir misiniz?\" şeklindeki sorusuna yanıt verdi: Bizim gündemimizde onlar yok efendim...\r\nHabertürk\'ten Mahir Kılıç\'ın haberine göre MHP Genel Başkanı Devlet Bahçeli TBMM çıkışında bir gazetecinin \"İmamoğlu kararını yeni gelişmeler ışığında değerlendirir misiniz? sorusuna yanıt verdi.\r\n\r\nBahçeli çok kısa verdiği yanıtta şu ifadeyi kullandı: Bizim gündemimizde onlar yok efendim.\r\nMHP Genel Başkanı Devlet Bahçeli, İBB Başkanı Ekrem İmamoğlu\'na verilen hapis ve siyasi yasak cezasının ardından dün yaptığı yorumda şu ifadelere yer vermişti:\r\n\r\n\r\n\"İmamoğlu hakkında dün vermiş olduğu karar siyasi ortamı sadece hareketlendirmekle kalmamış, abuk sabuk pek çok tartışmayı da körüklemiş, böylelikle fırsatçılara gün doğmuştur.\r\n\r\nHer şeyden evvel 14 Aralık 2022 tarihinde İmamoğlu’yla ilgili davanın görüleceği herkesçe bilinmektedir. Bu durum şapkadan çıkmış bir tavşan değildir. Mahkeme kararının hitamında, senaryosu önceden yazılmış filmin Saraçhane’de gösterime sokulması da kategorik bir operasyondur. Nitekim operasyonun hedefi CHP Genel Başkanı\'dır. Kılıçdaroğlu’nun adaylığına soğuk ve şaşı bakanların Saraçhane tantanasına can havliyle sarılması, İP Başkanı’yla İmamoğlu’nun sevinç içinde kucaklaşmaları, bu şarkı burada bitmeyecek nakaratları tam bir düzenbazlıktır.','3548078_810x458.jpg','2022-12-21 21:03:55',1,2),(64,'Cumhurbaşkanı Yardımcısı Fuat Oktay, mahkemenin İmamoğlu kararını değerlendirdi','TBMM\'deki 2023 bütçe görüşmelerinin son gününde kürsüye gelen Cumhurbaşkanı Yardımcısı Fuat Oktay, İBB Başkanı Ekrem İmamoğlu\'yla ilgili verilen mahkeme kararı hakkında, \"Şayet bir yanlış karar varsa bunun düzelteceği yer yine mahkemelerdir. Mahkeme kararlarında siyasi karar aramak siyasi akılsızlığın ta kendisidir\" ifadelerini kullandı\r\n\r\nCumhurbaşkanı Yardımcısı Fuat Oktay, \"100\'üncü yılın bütçesi; 20 yılda yapılan Cumhuriyet tarihinin en büyük atılımlarını daha da öteye taşıyacak yapıdadır.\" dedi.\r\n\r\nOktay, TBMM Genel Kurulunda, 2023 yılı bütçesinin tümü üzerinde hükümet adına söz aldı.\r\n\r\nBütçe görüşmelerinin sonuna gelindiğine işaret eden Oktay, harcanan yoğun mesai ve katkı için Meclis Başkanı Mustafa Şentop\'a, başkanvekillerine ve tüm milletvekillerine, TBMM Plan ve Bütçe Komisyonu üyelerine, bakanlara, kamu kurumlarına ve yöneticilerine şahsı ve Cumhurbaşkanı adına teşekkür etti.\r\n\r\nDiyarbakır\'da polis servis aracına yönelik terör saldırısı sonucu yaralanan polislere ve sivil vatandaşlara şifa dileyen Oktay, \"Milletimizin birlik ve beraberliğini hedef alan bu saldırılar tam tersine milleti birbirine kenetleyecektir, terörle mücadele kararlılığımızı da perçinleyecektir.\" diye konuştu.\r\n\r\nYürütmenin temsilcileri olan Cumhurbaşkanı Yardımcısı ve bakanların muhalefetin emir eri olmadığını ifade eden Oktay, Cumhurbaşkanı Yardımcısı ve bakanların siyasi parti üyesi, kurucusu, yöneticisi olabileceğini, siyasi açıklama yapabileceğini, Anayasa’ya göre dokunulmazlıkları bulunduğunu, suç işlemeleri halinde de Yüce Divanda yargılanabileceklerini anlattı.\r\n\r\nOktay, sistemin geliştirilebileceğini, eleştirilebileceğini dile getirerek, \"Biz hiçbir zaman statükocu olmadık ve hep ileriye baktık.\" dedi.','3548064_810x458.jpg','2022-12-21 21:04:56',1,2),(65,'Son dakika haberi Pakize Suda vefat etti','Geçtiğimiz aylarda demans teşhisi konulan oyuncu Pakize Suda, beynine pıhtı atması sonucu 70 yaşında yaşamını yitirdi. Suda Cuma günü son yolculuğuna uğurlanarak toprağa verilecek. Pakize Suda, bir dönem Habertürk Gazetesi\'nde köşe yazarlığı da yapmıştı...\r\n\r\nBir süredir demans hastalığıyla mücadele eden Pakize Suda\'dan acı haber geldi. \'Hayat Bilgisi\', \'Davetsiz Misafir\' ve \'Sevda Çiçeği\' adlı yapımlarda rol alan oyuncu ve yazar Suda\'nın beynine pıhtı atması sonucu 70 yaşında hayatını kaybettiği öğrenildi.\r\n\r\n\"ÇOK ÜZGÜNÜZ\"\r\nÜzücü haberi Pakize Suda\'nın yeğeni Dilara Elagözlü, duyurdu. Elagözlü, yaptığı açıklamada, \"Bir süredir rahatsız olan ve tedavi görmekte olan sevgili teyzemiz Pakize Suda, beynine pıhtı atması sonucu bu sabah yaşamını yitirmiştir. Çok üzgünüz. Sevenlerine başsağlığı diliyoruz\" ifadelerine yer verdi.\r\n\r\nElagözlü, ardından \"Kendisinden önce vefat eden annesi ve kardeşine kavuştu. Sevenlerinden dua etmelerini istiyorum. Başımız sağ olsun. Cenazesi 23 Aralık\'ta Muğla\'dan kaldırılacak\" dedi.\r\nYEĞENİ VASİ OLARAK ATANMIŞTI\r\nEge Üniversitesi Tıp Fakültesi Ruh Sağlığı ve Hastalıkları Ana Bilim Dalı\'nda düzenlenen rapor üzerine mahkeme, geçtiğimiz aylarda Pakize Suda\'ya yeğeni Dilara Elagözlü\'nün vasi olarak atanmasına karar vermişti.\r\n\r\nPakize Suda\'nın yeğeni Dilara Elagözlü, konuya ilişkin şunları söylemişti:\r\n\r\nTeyzemin bu rahatsızlığı 6-7 seneye dayanıyor. Unutmalarla, eşyalarını kaybetmelerle başladı. Birlikte çalıştığı insanlar da bunu fark etti. Kendisi bu rahatsızlığını uzun süre kabul etmedi. Kendinde olduğu süre içinde, \'Siz kendinize bakın\' dedi. Anneannemin ve teyzemin arka arkaya rahmetli olmasıyla, yaşadığı duygusal şeylerde bu hastalığı tetikledi. Tiroid haplarını belli bir süre kullanmadı. Bana bir konuşmamızda \'Her şeyi unutarak ölmek istiyorum\' dedi. 18 yaşından beri kendi yaşamayı tercih etmiş, kedileriyle mutlu olan bir insan. Sinirli ve şüpheci yapısı hastalıkla daha da gelişti. Birkaç senedir sözlerine itibar edilemeyecek bir hale geldi. 3 sene önce etrafından bize şikayet geldi, evine gittim. Evi çok dağınıktı. Toparlamak istedim ama izin vermedi. Doktorları çağırmak istedik ama kabul etmedi. Elimizden geldiği sürece bakmaya çalışıyoruz. Henüz bu hastalığa bir çare yok. İlaçlar sadece semptomları yavaşlatıyor. Fiziksel sağlığı iyi ama beyin olarak bu şekilde..','3549313_810x458.jpg','2022-12-21 21:06:52',1,3),(66,'Mehmet Dudarık\'ın ablası Gülden Dudarık: Çok şükür konuşuyor','Ankara\'da rock müzik grubu \'Piiz\'in üyesi 38 yaşındaki Mehmet Dudarık, konser verdikleri eğlence mekanında dans ederken ayağına bastığını iddia eden B.K.K.\'nın yumruklu saldırısı sonucu ağır yaralanmıştı. Gülden Dudarık, sevk edildiği Eskişehir Şehir Hastanesi\'ndeki tedavisi süren kardeşi Dudarık\'ın sağlık durumuyla ilgili açıklamarda bulundu\r\nPiiz\' müzik grubunun üyesi Mehmet Dudarık (38), 14 Aralık\'ta Ankara\'da konser verdikleri bir eğlence mekanında dans ederken ayağına bastığını iddia eden B.K.K.\'nın yumruklu saldırısı sonucu ağır yaralanmıştı. Saldırı anı mekânın güvenlik kameralarına da yansımıştı.\r\nİddiaya göre Dudarık\'ın, B.B.K\'nin arkadaşının ayağına basmasının ardından çıkan tartışma sonrasında B.B.K, önce mekanın içindeki Mehmet Dudarık\'ın arkadaşına, ardından kulübün önünde telefonla konuşan müzisyene yumrukla saldırmıştı.\r\n\r\nSaldırının ardından ağır yaralan Mehmet Dudarık, hastaneye kaldırılmıştı. Polis tarafından gözaltına alınan saldırgan ise sevk edildiği adliyede çıkarıldığı hakimlikçe tutuklanmıştı.\r\n','3549383_810x458.jpg','2022-12-21 21:07:39',1,3),(67,'Gülşen\'in duruşması ertelendi! 250 bin TL\'yi geri istedi...','Ataşehir\'de verdiği bir konserde imam hatip liselilere yönelik sözleri nedeniyle \'Halkı kin ve düşmanlığa tahrik\' suçundan 3 yıla kadar hapsi istenen Gülşen Çolakoğlu\'nun yargılandığı davada, dosya mütalaasını hazırlaması için savcıya gönderildi. Duruşma 1 Mart 2023 tarihine ertelendi\r\n\r\n\"İMAM HATİPLERİ HEDEF GÖSTERMİŞ VE HAKARET ETMİŞTİR\"\r\n\r\nMüşteki Eren Yıldırım, \"Şahsa kızgınım, seyirciye dönerek halka alkış tutturup hakaret etmiştir. İmam hatipleri hedef göstermiş ve hakaret etmiştir. İtibar suikastine maruz kaldım. Ben imam hatipli olarak özrünü kabul etmiyorum. Şikayetçiyim\" dedi.\r\n\r\nÖNDER İmam Hatipliler Derneği avukatı Sezgin Koç ise , \"Sanık söylediği sözleri kabul ediyor. Sanık şarkıcı olduğunu iddia etmektedir ancak, sesinden çok kıyafetleri ve doğal olmayan cinsel yönelimleri desteklemesiyle gündeme gelmektedir. Ülkede milyonlarca imam hatipli vardır. Bir kişi bu ifadeyi kullanırsa, binlerce kişinin zarar göreceği açıktır. Sanığın beraat etmesi halde, herhangi bir kişinin toplulukta sapık dersem benim yargılanmamı gerektirecek bir durum olmayacak diye düşünecektir. Sanığın cezalandırılmasını talep ediyoruz\" şeklinde konuştu.','3549205_944c3ea026be65c996cd4621bdcf19be_640x640.jpg','2022-12-21 21:08:28',1,3),(68,'Buğra Gülsoy: Üç senedir evdeyiz','Etiler\'de görüntülenen Buğra Gülsoy, yeni yıla ailesiyle birlikte evlerinde gireceklerini ve plan yapmadıklarını dile getirdi. Ünlü oyuncu, \"Zaten üç senedir evde takılıyoruz. Biraz evcimeniz... Yılbaşı günleri artık sanki daha çok aileyle kutlanacak bir şeymiş gibi geliyor\" dedi\r\nHabertürk\'ten Onur Aydın\'ın haberine göre; Oyuncu Buğra Gülsoy, Etiler\'deydi. Basın mensuplarıyla sohbet eden Gülsoy, yeni çıkardığı üçüncü kitabı \'Luna\'ya gelen yorumlardan memnun olduğunu söyledi.\r\n\r\n\"O AMAÇLA YAZMADIM\"\r\n\r\nBuğra Gülsoy, gazetecilerin, \"Kitabınızı senaryolaştırmayı düşünüyor musunuz?\" sorusuna, \"Şimdilik böyle bir düşüncem yok. Belki ileride olabilir ama o amaçla yazmadım. Okurlar zaten okuduğu zaman kendi filmlerini kendi kafalarında çekebilirler\" şeklinde yanıt verdi.','3549150_6ef5f48caba715b413eb381c091f837e_640x640.jpg','2022-12-21 21:09:06',1,3),(69,'Yiğit Kirazcı: Normal arkadaşım','Bir kadınla birlikte Etiler\'de objektiflere yansıyan Yiğit Kirazcı, gazetecilerin, \"Hanımefendi sevgiliniz mi?\" sorusunu, \"Normal arkadaşım\" şeklinde cevaplamakla yetindi\r\n\r\nHabertürk\'ten Onur Aydın\'ın haberine göre; Yiğit Kirazcı, kadın arkadaşıyla birlikte Etiler\'deydi. İkili, bir mekandan çıkarken görüntülendi.\r\n\r\nBir saatlik sohbet sonrası masadan beraber kalkan Kirazcı ile kadın arkadaşı, çıkış kapısında fark yönlere yöneldi.\"NORMAL ARKADAŞIM\"\r\n\r\nKirazcı, basın mensuplarının, \"Hanımefendi sevgiliniz mi?\" sorusuna, \"Normal arkadaşım\" yanıtını verdi.','3549144_80a187e06f870e4769db964f695829a4_640x640.jpg','2022-12-21 21:09:53',1,3),(70,'Beşiktaş - Şanlıurfaspor maçı CANLI YAYIN','Beşiktaş - Şanlıurfaspor maçının canlı anlatımı HTSPOR\'DA... Dünya Kupası nedeniyle verilen ara sonrası futbolda heyecan Ziraat Türkiye Kupası\'yla devam ediyor. Şenol Güneş yönetiminde çıkışa geçmek isteyen Beşiktaş, Ziraat Türkiye Kupası 5. Tur maçında 2. Lig ekibi Şanlıurfaspor\'u konuk ediyor. Beşiktaş Şanlıurfaspor maçına dair tüm detaylar haberimizde...\r\n\r\n9\' Kemal Rüzgar\r\n\r\nSTAT: Vodafone Park\r\nHAKEM: Burak Pakkan\r\nSAAT: 21.00\r\nYAYIN: A Spor\r\n\r\nMAÇIN CANLI AKTARIMI İÇİN TIKLAYINIZ\r\n\r\nBEŞİKTAŞ: Ersin, Rosier, Necip, Emrecan, Umut, Atiba, Redmond, Salih, Dele, Muleka, Cenk\r\nYEDEKLER: Mert, Tayyip, Montero, Nkoudou, Weghorst, Kerem, Welinton, Masuaku, Gedson, Tayfur\r\nTEKNİK DİREKTÖR: Şenol Güneş\r\n\r\nŞANLIURFASPOR: Aydın Bağ, Barış Gök, Seyit Gazanfer, Mehmet Yiğit, Abdulsamet Burak, Behlül Aydın, Bünyamin Balat, Mehmet Alp Kurt, Erkam Develi, Mert Çapar, Kemal Rüzgar\r\nYEDEKLER: Kadir, İbrahim, Feyyaz, Alpay, Ömer, Enes Olgun, Hüseyin Erkan, Semih Karadeniz, Bertu Alican, Mustafa Durak','3549214_810x458.jpg','2022-12-21 21:11:24',1,4),(71,'Galatasaray\'da son dakika transfer gelişmesi! Sacha Boey\'a dev teklif','Bu sezon Galatasaray\'da gösterdiği performansla dikkat çeken Sacha Boey, Avrupa kulüplerinin transfer hedefi haline geldi. Başarılı sağ bek için konuşulan son rakam ise Galatasaray\'ın kasasını dolduracak cinsten... İşte Sacha Boey konusunda son gelişmeler..\r\n\r\nUyluk sakatlığıyla geçen ilk sezonunun ardından formasına kavuşan Sacha Boey, Galatasaray\'da dikkat çeken bir performans imza atıyor. \r\n\r\nÖZBEK DE AÇIKLAMIŞTI\r\n\r\nGalatasaray Başkanı Dursun Özbek, şampiyonluk yarışının ortasında kilit oyuncuları elden çıkarmak istemediklerini belirtmişti:\r\n\r\n\"Birçok oyuncumuza teklif var. Şu anda hiçbir oyuncuyu satma niyetimiz yok. İyi bir kadromuz var ve şampiyonluğa gidiyoruz. .','3549268_4f9b9594e0cf5291cbcead301a1db199_640x640.jpg','2022-12-21 21:19:43',1,4),(72,'Merkez Bankası\'ndan yurt dışına para transferlerinde şeffaflık uyarısı','Türkiye Cumhuriyet Merkez Bankası\'ndan (TCMB) bankalara gönderilen yazıda, bankaların EFT, havale ve SWIFT işlemleri bildirimlerine ilişkin uyarıda bulunuldu. Buna göre, yurt dışına para transferinde eksik bilgi ve belge raporlayan bankalardan 2 Ocak 2023 itibarıyla tespite konu ödemenin yüzde 5\'i kadar ek ücret alacak\r\nTürkiye Cumhuriyet Merkez Bankası (TCMB), yurt dışına para transferinde eksik bilgi ve belge raporlayan bankalardan 2 Ocak 2023 itibarıyla tespite konu ödemenin yüzde 5\'i kadar ek ücret alacak.\r\n\r\nTCMB\'den bankalara gönderilen yazıda, bankaların EFT, havale ve SWIFT işlemleri bildirimlerine ilişkin uyarıda bulunuldu..\r\n\r\nDaha önce yurt içinden yurt dışına yapılan transferlerde havale ve EFT işlemlerinde yer alan ödeme kategorisi detayının katılımcılar tarafından doldurulmasının talep edildiği aktarılan yazıda, ayrıca eksik veya hatalı uygulamaların giderilmemesi durumunda gerekli aksiyonların alınacağının bildirildiği vurgulandı.\r\n\r\n2 OCAK\'TA BAŞLAYACAK\r\nYazıda, bazı bankalarca TCMB\'nin söz konusu talimatlarına uygun raporlama yapılmadığının tespit edildiği belirtilerek, şunlar kaydedildi:\r\n\r\n\"Ödemeler alanında şeffaflığı arttırmak amacıyla ödeme kategorisi detayı gibi bazı alanları eksik raporlayan, hatalı raporlama yapan ve/veya TL ve yabancı para ödemeleri gerekli belgelerle tevsik edemeyen (ithalat ödemesinde ilgili ithalat belgesinin sunulmaması, kredi ödemesi, menkul kıymet işlemleri gibi) bankalardan 2 Ocak 2023 tarihi itibarıyla tespite konu ödemenin yüzde 5\'i kadar ek ücret alınacaktır.\"\r\n\r\nSWIFT veri deseninde de güncelleme yapıldığı ifade edilen yazıda, güncellenen veri desenine ilişkin testlerin 26 Aralık\'ta gerçekleştirilebileceğini, bu uygulama doğrultusundaki raporlamaya ise 2 Ocak 2023 itibarıyla başlanacağı bilgisi verildi.\r\n\r\nTCMB\'nin söz konusu adımlarının, yurt dışına para transferlerinde şeffaflığı güçlendireceği belirtiliyor.','3549359_810x458.jpg','2022-12-22 21:11:10',1,5),(73,'Dünya Kupası en çok ona yaradı! Hırvat model 3.5 milyon takipçili hesabından veda mesajı yayınladı!','Hırvatistan\'ın ünlü mankenlerinden Ivana Knoll, Dünya Kupası\'nda giydiği kıyafetler ile gündem olmayı başardı. Kısa süreli Dünya Kupası turnuvası süresince 3.5 milyon takipçiye sahip olan model, dün Katar\'dan ayrıldı.\r\nKatar Dünya Kupası süresi boyunca sosyal medya hesabından yayınladığı gönderileriyle dikkatleri üzerine çekmeyi başaran Hırvat model Ivana Knöll, dün itibariyle Katar\'dan ayrıldı. O anları takipçileriyle paylaşan Ivana, gözyaşlarına hakim olamadı.\r\n\r\n\r\nDünya Kupası başlamadan önce Instagram hesabında 100 bin takipçisi olan Hırvat model Ivana\'na turnuvadan sonra 3.5 milyon takipçiye sahip oldu.\r\n\r\nIvana Knöll Katar\'dan ayrılmadan önce yayınladığı gönderisinde; \"Doha\'dan ayrılmak benim için çok zor. Mutluluk, üzüntü, tüm karışıklıklar bir arada! Burayı çok özleyeceğim.\"','3549251_6d6dbf6379a6a779716a6726f6c859c3_640x640.jpg','2022-12-21 21:23:41',1,4),(74,'Dursun Özbek\'ten Icardi\'nin bonservisi ile ilgili açıklama','Galatasaray Kulübü Başkanı Dursun Özbek, katıldığı bir programda önemli açıklamalarda bulundu. Özbek, Galatasaray\'da kiralık forma giyen Icardi hakkında da merak edilen soruyu yanıtladı\r\nBeykoz Üniversitesi\'nin Kavacık\'taki yerleşkesinde düzenlenen \"Türk Sporunda Galatasaray\" konulu söyleşiye katılan Özbek, bir öğrencinin \"Borçsuz bir Galatasaray, Şampiyonlar Ligi kupasını getirebilir mi?\" şeklindeki sorusuna \"Şampiyonlar Ligi kupası Türkiye\'ye gelecekse bunun tek bir adresi var. Galatasaray hep enlerin ve ilklerin takımı olmuştur. Hedefimiz bu kupayı getirmek. Bütün projelerin hedefinde o büyük kupaları buraya getirmek var.\" diye cevap verdi.\r\nICARDI\'NIN BONSERVİSİ ALINACAK MI?\r\nSarı-kırmızılı kulübün başkanı, Arjantinli futbolcu Mauro Icardi\'nin bonservisi ile ilgili çalışmalarının olduğunu ancak finansal durumun da önemli olduğunu belirtti.','3549348_7f623ecf55860e143a821046c82d986d.jpg','2022-12-21 21:24:20',1,4),(75,'Nusret, Dünya Kupası\'nda FIFA kurallarını mı çiğnedi?','Arjantin ile Fransa arasında oynanan 2022 Dünya Kupası finalinin ardından sahaya girerek futbolcularla fotoğraf çektiren ünlü şef Nusret Gökçe\'nin kupayı eline alması da çok konuşuldu. Büyük tepki çeken hareket sonrası \'Nusret\'in Dünya Kupası\'nı tutması FIFA kurallarına aykırı mı?\' tartışması başladı.\r\nKatar\'da düzenlenen 2022 Dünya Kupası\'nı finalde Fransa\'yı mağlup eden Arjantin kazanırken, maçın ardından sahaya giren Türk şef Nusret Gökçe\'nin hareketleri çok konuşuldu.\r\nArjantinli futbolcularla fotoğraf çektirmek için sahaya giren Nusret, Dünya Kupası\'nı da eline alıp poz verdi. \r\n\r\nNusret\'in adeta futbolcuların peşinden koşması sosyal medyada gündem olurken, Dünya Kupası\'na dokunmasıyla ilgili de \'FIFA kurallarını ihlal mi etti?\' tartışmaları başladı.','3549231_37c9e6991bac517f324c0aae2ecdb98e_640x640.jpg','2022-12-21 21:25:13',1,4),(77,'Bitki çaylarında aşırı kullanım uyarısı!','Kışın etkisiyle başlayan soğuklar bitki çaylarına talebi artırırken en çok ıhlamur, ada çayı, rezene, yeşil çay, biberiye, zencefil, zerdeçal ve tarçın tercih ediliyor.\r\n\r\nYeterli miktarlarda tüketildiğinde vücuda yararları olan bu çayların aşırı içilmesi ise karaciğeri ve böbrek gibi organları olumsuz etkileyebiliyor.\r\n\r\nDEMLEMEDE 5 DAKİKA KURALI\r\n\r\nBezmialem Vakıf Üniversitesi Geleneksel ve Tamamlayıcı Tıp İleri Araştırmalar ve Uygulama Merkezi (GETAMER) Müdürü Prof. Dr. Abdurrahim Koçyiğit, viral enfeksiyonlarda bağışıklık sisteminin güçlenmesinin önemli olduğunu söyledi.\r\n\r\nKoçyiğit, \"Bitkisel çayların içerdikleri etken maddeler, vücuttaki enfeksiyonu öldürücü hücrelerin sayısını ve aktivitesini artırıcı yönde çalışıyor. Hastalık dışarıdan vücuda girdiği zaman bunlara karşı hemen ilk savunma hattını bu hücreler oluşturuyor. Dolayısıyla mikropları alt edebiliyorlar\" dedi.\r\n\r\nBitkisel çayları demleme şeklinin de bir hayli önemli olduğunu dile getiren Koçyiğit, sert kabuklu olmayan ve gribal enfeksiyonlar için kullanılan nane, kekik, biberiye ile ekinezya gibi bitkileri kaynamış suda 5 dakika bekletip demlemenin daha doğru bir uygulama olacağını söyledi.\r\n\r\n','3549511_810x458.jpg','2022-12-22 11:27:03',2,8),(78,'Son dakika haberi AK Parti Sözcüsü Çelik\'ten önemli açıklamalar','Çelik\'in açıklamalarından satır başları şöyle: \"Ukrayna\'daki savaş tahıl ve enerji krizinin çıkmasına neden oldu. Türkiye\'nin aldığı inisiyatif ise barış için ne kadar kritik bir noktada olduğunu ortaya çıkarmıştır.\r\n\r\n\"BARIŞ İÇİN YENİ BİR BAKIŞ AÇISINA İHTİYAÇ VAR\"\r\nGüçlü diplomasi Türkiye\'yi önemli bir konuma getirdi. Türkiye savaştan bile insani hassasiyet çıkardı. Avrupa ise bu konuda vizyon üretemedi. Barış için yeni bir bakış açısına ihtiyaç var.\r\n\r\nAKDENİZ VE KIBRIS\'TAKİ GELİŞMELER\r\nYunanistan\'ın tavırları gerilimi daha da artırıyor. Ortaya koyduğu tablo barışa hizmet etmiyor. Yunanistan\'ın bu şımarık yaklaşımına ise destek verdiler.\r\n\r\nKATAR\'DA DÜNYA KUPASI DÜZENLENMESİ\r\nMüslüman bir ülkede Dünya Kupası organizasyonu olunca provokasyonları gördük.\r\n\r\n17-25 ARALIK\'IN YIL DÖNÜMÜ\r\nDevletimizin egemenliğine yönelik en sinsice yapılan saldırılardan biridir.\r\n\r\nTÜRKMEN GAZININ TÜRKİYE\'DEN TAŞINMASI\r\nTürkiye enerji alanında büyük bir oyuncu oldu. Türkmen gazının Türkiye\'den taşınması projesi de hayata geçtiği takdirde tüm dünyaya katkı sağlayacak.\r\n\r\nKIZILELMA\'NIN İLK UÇUŞU\r\nKızılelma\'ın ilk uçuşu gerçekleşti. Mavi Vatan\'ın korunmasında rolü büyük olacak.\r\n\r\nBOSNA HERSEK\'E ADAYLIK STATÜSÜ\r\nAvrupa\'nın Balkanlar\'da barışa destek vermesi lazım. Bosna Hersek\'in AB\'ye entegrasyonu barışı korumak adına önemli.\r\n\r\nYENİ ASGARİ ÜCRET\r\nBu konu dinamik bir şekilde takip edilecektir. Cumhurbaşkanımız da ifade etti. Gerekirse tekrar bir düzenleme yapılacak.\r\n\r\n6 YAŞINDAKİ ÇOCUĞUN CİNSEL İSTİSMARI\r\nBuna izin veren, buna şahit olan herkes hesap verecek. Bu çirkinliği örtbas eden kim varsa hesap verecek. Dine vicdana sığmaz. Lanetliyoruz, zulme uğrayan kardeşimizin yanındayız. En güçlü tepkiyi verdik. Bu tepkimizin arkasındayız.\r\n\r\nAFGANİSTAN\'DA EĞİTİM YASAĞI\r\nİnsanlık açısından da İslam açısından da yanlış. İnsanlığı kimse böyle bir cehaletle baş başa bırakamaz.','3549695_810x458.jpg','2022-12-22 17:40:39',2,2);

--
-- Dumping routines for database 'newsdatabase'
--

/*!40101 SET SQL_MODE=@OLD_SQL_MODE */;
/*!40014 SET FOREIGN_KEY_CHECKS=@OLD_FOREIGN_KEY_CHECKS */;
/*!40014 SET UNIQUE_CHECKS=@OLD_UNIQUE_CHECKS */;
/*!40101 SET CHARACTER_SET_CLIENT=@OLD_CHARACTER_SET_CLIENT */;
/*!40101 SET CHARACTER_SET_RESULTS=@OLD_CHARACTER_SET_RESULTS */;
/*!40101 SET COLLATION_CONNECTION=@OLD_COLLATION_CONNECTION */;
/*!40111 SET SQL_NOTES=@OLD_SQL_NOTES */;

-- Dump completed on 2022-12-23  0:24:38
